{
  "aor": 0.0008853940634595702,
  "aqi": 0.024421643705220063,
  "bids_meta": {
    "RepetitionTime": 1.75,
    "SliceTiming": [
      0.0,
      0.05555555555555555,
      0.1111111111111111,
      0.16666666666666666,
      0.2222222222222222,
      0.2777777777777778,
      0.3333333333333333,
      0.38888888888888884,
      0.4444444444444444,
      0.5,
      0.5555555555555556,
      0.611111111111111,
      0.6666666666666666,
      0.7222222222222222,
      0.7777777777777777,
      0.8333333333333333,
      0.8888888888888888,
      0.9444444444444444,
      1.0,
      1.0555555555555556,
      1.1111111111111112,
      1.1666666666666665,
      1.222222222222222,
      1.2777777777777777,
      1.3333333333333333,
      1.3888888888888888,
      1.4444444444444444,
      1.5,
      1.5555555555555554,
      1.611111111111111,
      1.6666666666666665,
      1.722222222222222,
      0.027777777777777776,
      0.08333333333333333,
      0.1388888888888889,
      0.19444444444444442,
      0.25,
      0.3055555555555555,
      0.3611111111111111,
      0.41666666666666663,
      0.4722222222222222,
      0.5277777777777778,
      0.5833333333333333,
      0.6388888888888888,
      0.6944444444444444,
      0.75,
      0.8055555555555555,
      0.861111111111111,
      0.9166666666666667,
      0.9722222222222223,
      1.027777777777778,
      1.0833333333333335,
      1.1388888888888888,
      1.1944444444444444,
      1.25,
      1.3055555555555556,
      1.3611111111111112,
      1.4166666666666667,
      1.4722222222222223,
      1.5277777777777777,
      1.5833333333333333,
      1.6388888888888888,
      1.6944444444444444
    ],
    "TaskName": "ARC",
    "dataset": "ds001814",
    "modality": "bold",
    "subject_id": "hc021",
    "task_id": "ARC"
  },
  "dummy_trs": 0,
  "dvars_nstd": 65.72592913902658,
  "dvars_std": 1.0423384725717202,
  "dvars_vstd": 0.9746857221311478,
  "efc": 0.524729545416215,
  "fber": 422.8561706542969,
  "fd_mean": 0.23714709248373197,
  "fd_num": 460,
  "fd_perc": 47.082906857727735,
  "fwhm_avg": 2.9483302371774687,
  "fwhm_x": 2.704765,
  "fwhm_y": 3.075005,
  "fwhm_z": 3.0652207115324055,
  "gcor": 0.0101719,
  "gsr_x": 0.008922087028622627,
  "gsr_y": 0.04641415551304817,
  "provenance": {
    "md5sum": "e99db1adc0968349d3ac9630abfd9e94",
    "settings": {
      "fd_thres": 0.2,
      "testing": false
    },
    "software": "mriqc",
    "version": "22.0.1",
    "webapi_port": null,
    "webapi_url": "https://mriqc.nimh.nih.gov/api/v1"
  },
  "size_t": 977,
  "size_x": 110,
  "size_y": 110,
  "size_z": 63,
  "snr": 2.469675286508066,
  "spacing_tr": 1.75,
  "spacing_x": 2.0,
  "spacing_y": 2.0,
  "spacing_z": 2.4000000953674316,
  "summary_bg_k": 109.98548821333063,
  "summary_bg_mad": 10.599772498069079,
  "summary_bg_mean": 44.0625114440918,
  "summary_bg_median": 22.147390365600586,
  "summary_bg_n": 527972.0,
  "summary_bg_p05": 13.836233139038086,
  "summary_bg_p95": 147.18280334472618,
  "summary_bg_stdv": 75.83867645263672,
  "summary_fg_k": 2.1655479899271652,
  "summary_fg_mad": 153.79305913968244,
  "summary_fg_mean": 491.8353576660156,
  "summary_fg_median": 458.4462585449219,
  "summary_fg_n": 137537.0,
  "summary_fg_p05": 254.94246826171874,
  "summary_fg_p95": 840.115869140625,
  "summary_fg_stdv": 185.62950134277344,
  "tsnr": 19.30404907488264
}