{
  "aor": 0.00022922210849539407,
  "aqi": 0.013565110818833163,
  "bids_meta": {
    "RepetitionTime": 1.75,
    "SliceTiming": [
      0.0,
      0.05555555555555555,
      0.1111111111111111,
      0.16666666666666666,
      0.2222222222222222,
      0.2777777777777778,
      0.3333333333333333,
      0.38888888888888884,
      0.4444444444444444,
      0.5,
      0.5555555555555556,
      0.611111111111111,
      0.6666666666666666,
      0.7222222222222222,
      0.7777777777777777,
      0.8333333333333333,
      0.8888888888888888,
      0.9444444444444444,
      1.0,
      1.0555555555555556,
      1.1111111111111112,
      1.1666666666666665,
      1.222222222222222,
      1.2777777777777777,
      1.3333333333333333,
      1.3888888888888888,
      1.4444444444444444,
      1.5,
      1.5555555555555554,
      1.611111111111111,
      1.6666666666666665,
      1.722222222222222,
      0.027777777777777776,
      0.08333333333333333,
      0.1388888888888889,
      0.19444444444444442,
      0.25,
      0.3055555555555555,
      0.3611111111111111,
      0.41666666666666663,
      0.4722222222222222,
      0.5277777777777778,
      0.5833333333333333,
      0.6388888888888888,
      0.6944444444444444,
      0.75,
      0.8055555555555555,
      0.861111111111111,
      0.9166666666666667,
      0.9722222222222223,
      1.027777777777778,
      1.0833333333333335,
      1.1388888888888888,
      1.1944444444444444,
      1.25,
      1.3055555555555556,
      1.3611111111111112,
      1.4166666666666667,
      1.4722222222222223,
      1.5277777777777777,
      1.5833333333333333,
      1.6388888888888888,
      1.6944444444444444
    ],
    "TaskName": "ARC",
    "dataset": "ds001814",
    "modality": "bold",
    "subject_id": "hc017",
    "task_id": "ARC"
  },
  "dummy_trs": 0,
  "dvars_nstd": 49.257184935543044,
  "dvars_std": 1.079449334569672,
  "dvars_vstd": 0.9766950063831962,
  "efc": 0.49227151438198263,
  "fber": 759.2117309570312,
  "fd_mean": 0.16623159004930732,
  "fd_num": 285,
  "fd_perc": 29.17093142272262,
  "fwhm_avg": 3.1060717273501592,
  "fwhm_x": 3.139025,
  "fwhm_y": 3.12489,
  "fwhm_z": 3.0543001820504774,
  "gcor": 0.0057924,
  "gsr_x": -0.014512588270008564,
  "gsr_y": 0.05435376614332199,
  "provenance": {
    "md5sum": "839c9f8860a38bc3e0da6b6116e2fa41",
    "settings": {
      "fd_thres": 0.2,
      "testing": false
    },
    "software": "mriqc",
    "version": "22.0.1",
    "webapi_port": null,
    "webapi_url": "https://mriqc.nimh.nih.gov/api/v1"
  },
  "size_t": 977,
  "size_x": 110,
  "size_y": 110,
  "size_z": 63,
  "snr": 2.366876641903218,
  "spacing_tr": 1.75,
  "spacing_x": 2.0,
  "spacing_y": 2.0,
  "spacing_z": 2.3999998569488525,
  "summary_bg_k": 31.167918815329024,
  "summary_bg_mad": 7.695266218023347,
  "summary_bg_mean": 44.915306091308594,
  "summary_bg_median": 20.15353012084961,
  "summary_bg_n": 546155.0,
  "summary_bg_p05": 14.314227104187012,
  "summary_bg_p95": 167.10593414306635,
  "summary_bg_stdv": 71.52951049804688,
  "summary_fg_k": 4.777933831700178,
  "summary_fg_mad": 177.69524652032243,
  "summary_fg_mean": 604.6792602539062,
  "summary_fg_median": 555.6023559570312,
  "summary_fg_n": 124818.0,
  "summary_fg_p05": 334.5306060791016,
  "summary_fg_p95": 1054.739990234375,
  "summary_fg_stdv": 234.7397918701172,
  "tsnr": 26.808862030506134
}