{
  "aor": 0.0007863561924257933,
  "aqi": 0.013494329375639713,
  "bids_meta": {
    "RepetitionTime": 1.75,
    "SliceTiming": [
      0.0,
      0.05555555555555555,
      0.1111111111111111,
      0.16666666666666666,
      0.2222222222222222,
      0.2777777777777778,
      0.3333333333333333,
      0.38888888888888884,
      0.4444444444444444,
      0.5,
      0.5555555555555556,
      0.611111111111111,
      0.6666666666666666,
      0.7222222222222222,
      0.7777777777777777,
      0.8333333333333333,
      0.8888888888888888,
      0.9444444444444444,
      1.0,
      1.0555555555555556,
      1.1111111111111112,
      1.1666666666666665,
      1.222222222222222,
      1.2777777777777777,
      1.3333333333333333,
      1.3888888888888888,
      1.4444444444444444,
      1.5,
      1.5555555555555554,
      1.611111111111111,
      1.6666666666666665,
      1.722222222222222,
      0.027777777777777776,
      0.08333333333333333,
      0.1388888888888889,
      0.19444444444444442,
      0.25,
      0.3055555555555555,
      0.3611111111111111,
      0.41666666666666663,
      0.4722222222222222,
      0.5277777777777778,
      0.5833333333333333,
      0.6388888888888888,
      0.6944444444444444,
      0.75,
      0.8055555555555555,
      0.861111111111111,
      0.9166666666666667,
      0.9722222222222223,
      1.027777777777778,
      1.0833333333333335,
      1.1388888888888888,
      1.1944444444444444,
      1.25,
      1.3055555555555556,
      1.3611111111111112,
      1.4166666666666667,
      1.4722222222222223,
      1.5277777777777777,
      1.5833333333333333,
      1.6388888888888888,
      1.6944444444444444
    ],
    "TaskName": "ARC",
    "dataset": "ds001814",
    "modality": "bold",
    "subject_id": "hc005",
    "task_id": "ARC"
  },
  "dummy_trs": 0,
  "dvars_nstd": 54.19632344555325,
  "dvars_std": 1.0666670237807374,
  "dvars_vstd": 0.9777166345081969,
  "efc": 0.500960000230345,
  "fber": 678.8048095703125,
  "fd_mean": 0.16263788513219396,
  "fd_num": 175,
  "fd_perc": 17.911975435005118,
  "fwhm_avg": 3.449248127566994,
  "fwhm_x": 3.28492,
  "fwhm_y": 3.43837,
  "fwhm_z": 3.624454382700982,
  "gcor": 0.0117499,
  "gsr_x": -0.020497601479291916,
  "gsr_y": 0.07411298900842667,
  "provenance": {
    "md5sum": "b30a84187b68d5990c78d9b6f4f1d924",
    "settings": {
      "fd_thres": 0.2,
      "testing": false
    },
    "software": "mriqc",
    "version": "22.0.1",
    "webapi_port": null,
    "webapi_url": "https://mriqc.nimh.nih.gov/api/v1"
  },
  "size_t": 977,
  "size_x": 110,
  "size_y": 110,
  "size_z": 63,
  "snr": 2.0076532051766356,
  "spacing_tr": 1.75,
  "spacing_x": 2.0,
  "spacing_y": 2.0,
  "spacing_z": 2.3999998569488525,
  "summary_bg_k": 60.940897673307845,
  "summary_bg_mad": 8.692266213769285,
  "summary_bg_mean": 50.8762092590332,
  "summary_bg_median": 22.094165802001953,
  "summary_bg_n": 524847.0,
  "summary_bg_p05": 15.145342826843262,
  "summary_bg_p95": 194.90665130615216,
  "summary_bg_stdv": 91.81822967529297,
  "summary_fg_k": 4.333680456571745,
  "summary_fg_mad": 214.93180478170655,
  "summary_fg_mean": 641.8864135742188,
  "summary_fg_median": 576.622314453125,
  "summary_fg_n": 140717.0,
  "summary_fg_p05": 307.4769714355469,
  "summary_fg_p95": 1205.633129882812,
  "summary_fg_stdv": 287.2110900878906,
  "tsnr": 24.613238935475238
}