{
  "aor": 0.0007841862845445242,
  "aqi": 0.016438528648925282,
  "bids_meta": {
    "RepetitionTime": 1.75,
    "SliceTiming": [
      0.0,
      0.05555555555555555,
      0.1111111111111111,
      0.16666666666666666,
      0.2222222222222222,
      0.2777777777777778,
      0.3333333333333333,
      0.38888888888888884,
      0.4444444444444444,
      0.5,
      0.5555555555555556,
      0.611111111111111,
      0.6666666666666666,
      0.7222222222222222,
      0.7777777777777777,
      0.8333333333333333,
      0.8888888888888888,
      0.9444444444444444,
      1.0,
      1.0555555555555556,
      1.1111111111111112,
      1.1666666666666665,
      1.222222222222222,
      1.2777777777777777,
      1.3333333333333333,
      1.3888888888888888,
      1.4444444444444444,
      1.5,
      1.5555555555555554,
      1.611111111111111,
      1.6666666666666665,
      1.722222222222222,
      0.027777777777777776,
      0.08333333333333333,
      0.1388888888888889,
      0.19444444444444442,
      0.25,
      0.3055555555555555,
      0.3611111111111111,
      0.41666666666666663,
      0.4722222222222222,
      0.5277777777777778,
      0.5833333333333333,
      0.6388888888888888,
      0.6944444444444444,
      0.75,
      0.8055555555555555,
      0.861111111111111,
      0.9166666666666667,
      0.9722222222222223,
      1.027777777777778,
      1.0833333333333335,
      1.1388888888888888,
      1.1944444444444444,
      1.25,
      1.3055555555555556,
      1.3611111111111112,
      1.4166666666666667,
      1.4722222222222223,
      1.5277777777777777,
      1.5833333333333333,
      1.6388888888888888,
      1.6944444444444444
    ],
    "TaskName": "ARC",
    "dataset": "ds001814",
    "modality": "bold",
    "subject_id": "hc007",
    "task_id": "ARC"
  },
  "dummy_trs": 0,
  "dvars_nstd": 46.655860209077815,
  "dvars_std": 0.996227200553278,
  "dvars_vstd": 0.9764065141905729,
  "efc": 0.5287034479280116,
  "fber": 559.5272827148438,
  "fd_mean": 0.1393520206154982,
  "fd_num": 111,
  "fd_perc": 11.361310133060389,
  "fwhm_avg": 2.7400597774082622,
  "fwhm_x": 2.48833,
  "fwhm_y": 2.954245,
  "fwhm_z": 2.777604332224786,
  "gcor": 0.0035522,
  "gsr_x": 0.0032292159739881754,
  "gsr_y": 0.09126398712396622,
  "provenance": {
    "md5sum": "c5260dfe97b99a4689aa522ee944b7d5",
    "settings": {
      "fd_thres": 0.2,
      "testing": false
    },
    "software": "mriqc",
    "version": "22.0.1",
    "webapi_port": null,
    "webapi_url": "https://mriqc.nimh.nih.gov/api/v1"
  },
  "size_t": 977,
  "size_x": 110,
  "size_y": 110,
  "size_z": 63,
  "snr": 2.7061248625865573,
  "spacing_tr": 1.75,
  "spacing_x": 2.0,
  "spacing_y": 2.0,
  "spacing_z": 2.3999998569488525,
  "summary_bg_k": 71.44362834827791,
  "summary_bg_mad": 10.130861596863083,
  "summary_bg_mean": 48.70282745361328,
  "summary_bg_median": 22.763561248779297,
  "summary_bg_n": 518218.0,
  "summary_bg_p05": 14.706243515014648,
  "summary_bg_p95": 174.5449851989745,
  "summary_bg_stdv": 82.22073364257812,
  "summary_fg_k": 1.8631248422071254,
  "summary_fg_mad": 170.38770252286696,
  "summary_fg_mean": 571.274658203125,
  "summary_fg_median": 540.1258544921875,
  "summary_fg_n": 145540.0,
  "summary_fg_p05": 305.9882278442383,
  "summary_fg_p95": 934.7943695068352,
  "summary_fg_stdv": 199.59315490722656,
  "tsnr": 23.105910561513156
}