{
  "aor": 0.00028898669396110546,
  "aqi": 0.011918345332650973,
  "bids_meta": {
    "RepetitionTime": 1.75,
    "SliceTiming": [
      0.0,
      0.05555555555555555,
      0.1111111111111111,
      0.16666666666666666,
      0.2222222222222222,
      0.2777777777777778,
      0.3333333333333333,
      0.38888888888888884,
      0.4444444444444444,
      0.5,
      0.5555555555555556,
      0.611111111111111,
      0.6666666666666666,
      0.7222222222222222,
      0.7777777777777777,
      0.8333333333333333,
      0.8888888888888888,
      0.9444444444444444,
      1.0,
      1.0555555555555556,
      1.1111111111111112,
      1.1666666666666665,
      1.222222222222222,
      1.2777777777777777,
      1.3333333333333333,
      1.3888888888888888,
      1.4444444444444444,
      1.5,
      1.5555555555555554,
      1.611111111111111,
      1.6666666666666665,
      1.722222222222222,
      0.027777777777777776,
      0.08333333333333333,
      0.1388888888888889,
      0.19444444444444442,
      0.25,
      0.3055555555555555,
      0.3611111111111111,
      0.41666666666666663,
      0.4722222222222222,
      0.5277777777777778,
      0.5833333333333333,
      0.6388888888888888,
      0.6944444444444444,
      0.75,
      0.8055555555555555,
      0.861111111111111,
      0.9166666666666667,
      0.9722222222222223,
      1.027777777777778,
      1.0833333333333335,
      1.1388888888888888,
      1.1944444444444444,
      1.25,
      1.3055555555555556,
      1.3611111111111112,
      1.4166666666666667,
      1.4722222222222223,
      1.5277777777777777,
      1.5833333333333333,
      1.6388888888888888,
      1.6944444444444444
    ],
    "TaskName": "ARC",
    "dataset": "ds001814",
    "modality": "bold",
    "subject_id": "hc003",
    "task_id": "ARC"
  },
  "dummy_trs": 0,
  "dvars_nstd": 48.164746956608575,
  "dvars_std": 1.0422629453790977,
  "dvars_vstd": 0.9838300937602448,
  "efc": 0.49663066341485723,
  "fber": 739.5282592773438,
  "fd_mean": 0.13273428917701635,
  "fd_num": 161,
  "fd_perc": 16.479017400204707,
  "fwhm_avg": 3.270997843671379,
  "fwhm_x": 3.16135,
  "fwhm_y": 3.33511,
  "fwhm_z": 3.3165335310141364,
  "gcor": 0.00569405,
  "gsr_x": -0.016817977651953697,
  "gsr_y": 0.07391620427370071,
  "provenance": {
    "md5sum": "03214636cc8deac9907f488cf3796507",
    "settings": {
      "fd_thres": 0.2,
      "testing": false
    },
    "software": "mriqc",
    "version": "22.0.1",
    "webapi_port": null,
    "webapi_url": "https://mriqc.nimh.nih.gov/api/v1"
  },
  "size_t": 977,
  "size_x": 110,
  "size_y": 110,
  "size_z": 63,
  "snr": 2.1366852345797795,
  "spacing_tr": 1.75,
  "spacing_x": 2.0,
  "spacing_y": 2.0,
  "spacing_z": 2.3999998569488525,
  "summary_bg_k": 47.78173297913074,
  "summary_bg_mad": 8.070090663477908,
  "summary_bg_mean": 51.35756301879883,
  "summary_bg_median": 21.657114028930664,
  "summary_bg_n": 532112.0,
  "summary_bg_p05": 15.14738941192627,
  "summary_bg_p95": 193.04196166992188,
  "summary_bg_stdv": 92.44073486328125,
  "summary_fg_k": 4.815096297809804,
  "summary_fg_mad": 196.60641062449292,
  "summary_fg_mean": 653.0347900390625,
  "summary_fg_median": 588.5946655273438,
  "summary_fg_n": 135187.0,
  "summary_fg_p05": 343.3417449951172,
  "summary_fg_p95": 1204.4540893554683,
  "summary_fg_stdv": 275.46990966796875,
  "tsnr": 26.924713703454472
}