{
  "aor": 0.00043305015353121805,
  "aqi": 0.01799313469805527,
  "bids_meta": {
    "RepetitionTime": 1.75,
    "SliceTiming": [
      0.0,
      0.05555555555555555,
      0.1111111111111111,
      0.16666666666666666,
      0.2222222222222222,
      0.2777777777777778,
      0.3333333333333333,
      0.38888888888888884,
      0.4444444444444444,
      0.5,
      0.5555555555555556,
      0.611111111111111,
      0.6666666666666666,
      0.7222222222222222,
      0.7777777777777777,
      0.8333333333333333,
      0.8888888888888888,
      0.9444444444444444,
      1.0,
      1.0555555555555556,
      1.1111111111111112,
      1.1666666666666665,
      1.222222222222222,
      1.2777777777777777,
      1.3333333333333333,
      1.3888888888888888,
      1.4444444444444444,
      1.5,
      1.5555555555555554,
      1.611111111111111,
      1.6666666666666665,
      1.722222222222222,
      0.027777777777777776,
      0.08333333333333333,
      0.1388888888888889,
      0.19444444444444442,
      0.25,
      0.3055555555555555,
      0.3611111111111111,
      0.41666666666666663,
      0.4722222222222222,
      0.5277777777777778,
      0.5833333333333333,
      0.6388888888888888,
      0.6944444444444444,
      0.75,
      0.8055555555555555,
      0.861111111111111,
      0.9166666666666667,
      0.9722222222222223,
      1.027777777777778,
      1.0833333333333335,
      1.1388888888888888,
      1.1944444444444444,
      1.25,
      1.3055555555555556,
      1.3611111111111112,
      1.4166666666666667,
      1.4722222222222223,
      1.5277777777777777,
      1.5833333333333333,
      1.6388888888888888,
      1.6944444444444444
    ],
    "TaskName": "ARC",
    "dataset": "ds001814",
    "modality": "bold",
    "subject_id": "hc015",
    "task_id": "ARC"
  },
  "dummy_trs": 0,
  "dvars_nstd": 49.66187944961065,
  "dvars_std": 1.0131544629713116,
  "dvars_vstd": 0.9784302956352461,
  "efc": 0.5238454603934068,
  "fber": 556.8733520507812,
  "fd_mean": 0.11433198285057242,
  "fd_num": 68,
  "fd_perc": 6.960081883316274,
  "fwhm_avg": 2.9122869049401987,
  "fwhm_x": 2.646185,
  "fwhm_y": 3.108205,
  "fwhm_z": 2.9824707148205953,
  "gcor": 0.00423242,
  "gsr_x": -0.025149596855044365,
  "gsr_y": 0.10210160166025162,
  "provenance": {
    "md5sum": "a8725bc8824255a3453f04f761766c13",
    "settings": {
      "fd_thres": 0.2,
      "testing": false
    },
    "software": "mriqc",
    "version": "22.0.1",
    "webapi_port": null,
    "webapi_url": "https://mriqc.nimh.nih.gov/api/v1"
  },
  "size_t": 977,
  "size_x": 110,
  "size_y": 110,
  "size_z": 63,
  "snr": 2.4058455432172314,
  "spacing_tr": 1.75,
  "spacing_x": 2.0,
  "spacing_y": 2.0,
  "spacing_z": 2.4000000953674316,
  "summary_bg_k": 87.4796122905937,
  "summary_bg_mad": 7.226357437696836,
  "summary_bg_mean": 43.15156555175781,
  "summary_bg_median": 19.61821937561035,
  "summary_bg_n": 518738.0,
  "summary_bg_p05": 13.86591625213623,
  "summary_bg_p95": 153.42901687622066,
  "summary_bg_stdv": 78.55707550048828,
  "summary_fg_k": 2.967513913418272,
  "summary_fg_mad": 150.481817661438,
  "summary_fg_mean": 503.4038391113281,
  "summary_fg_median": 465.6376647949219,
  "summary_fg_n": 145743.0,
  "summary_fg_p05": 263.8461456298828,
  "summary_fg_p95": 872.093225097656,
  "summary_fg_stdv": 193.5436248779297,
  "tsnr": 23.271934463642538
}