{
  "aor": 0.00042074718526100306,
  "aqi": 0.015367066018423747,
  "bids_meta": {
    "RepetitionTime": 1.75,
    "SliceTiming": [
      0.0,
      0.05555555555555555,
      0.1111111111111111,
      0.16666666666666666,
      0.2222222222222222,
      0.2777777777777778,
      0.3333333333333333,
      0.38888888888888884,
      0.4444444444444444,
      0.5,
      0.5555555555555556,
      0.611111111111111,
      0.6666666666666666,
      0.7222222222222222,
      0.7777777777777777,
      0.8333333333333333,
      0.8888888888888888,
      0.9444444444444444,
      1.0,
      1.0555555555555556,
      1.1111111111111112,
      1.1666666666666665,
      1.222222222222222,
      1.2777777777777777,
      1.3333333333333333,
      1.3888888888888888,
      1.4444444444444444,
      1.5,
      1.5555555555555554,
      1.611111111111111,
      1.6666666666666665,
      1.722222222222222,
      0.027777777777777776,
      0.08333333333333333,
      0.1388888888888889,
      0.19444444444444442,
      0.25,
      0.3055555555555555,
      0.3611111111111111,
      0.41666666666666663,
      0.4722222222222222,
      0.5277777777777778,
      0.5833333333333333,
      0.6388888888888888,
      0.6944444444444444,
      0.75,
      0.8055555555555555,
      0.861111111111111,
      0.9166666666666667,
      0.9722222222222223,
      1.027777777777778,
      1.0833333333333335,
      1.1388888888888888,
      1.1944444444444444,
      1.25,
      1.3055555555555556,
      1.3611111111111112,
      1.4166666666666667,
      1.4722222222222223,
      1.5277777777777777,
      1.5833333333333333,
      1.6388888888888888,
      1.6944444444444444
    ],
    "TaskName": "ARC",
    "dataset": "ds001814",
    "modality": "bold",
    "subject_id": "hc018",
    "task_id": "ARC"
  },
  "dummy_trs": 0,
  "dvars_nstd": 49.46131762132172,
  "dvars_std": 1.0417379005225402,
  "dvars_vstd": 0.9785126107684414,
  "efc": 0.4668552364515136,
  "fber": 841.6141357421875,
  "fd_mean": 0.09976975771538425,
  "fd_num": 64,
  "fd_perc": 6.550665301944729,
  "fwhm_avg": 3.014268394542837,
  "fwhm_x": 2.85562,
  "fwhm_y": 3.10641,
  "fwhm_z": 3.0807751836285107,
  "gcor": 0.00973918,
  "gsr_x": -0.010508492588996887,
  "gsr_y": 0.0623108372092247,
  "provenance": {
    "md5sum": "5bd7e89983920360192d268334d77ea3",
    "settings": {
      "fd_thres": 0.2,
      "testing": false
    },
    "software": "mriqc",
    "version": "22.0.1",
    "webapi_port": null,
    "webapi_url": "https://mriqc.nimh.nih.gov/api/v1"
  },
  "size_t": 977,
  "size_x": 110,
  "size_y": 110,
  "size_z": 63,
  "snr": 2.437103614432827,
  "spacing_tr": 1.75,
  "spacing_x": 2.0,
  "spacing_y": 2.0,
  "spacing_z": 2.3999998569488525,
  "summary_bg_k": 108.71946447835725,
  "summary_bg_mad": 5.218698275356236,
  "summary_bg_mean": 36.11925506591797,
  "summary_bg_median": 17.305015563964844,
  "summary_bg_n": 563123.0,
  "summary_bg_p05": 13.239508628845215,
  "summary_bg_p95": 122.7787101745606,
  "summary_bg_stdv": 63.993072509765625,
  "summary_fg_k": 3.438260083237817,
  "summary_fg_mad": 151.44391646436472,
  "summary_fg_mean": 548.31103515625,
  "summary_fg_median": 503.58953857421875,
  "summary_fg_n": 109909.0,
  "summary_fg_p05": 304.8462585449219,
  "summary_fg_p95": 955.5522827148437,
  "summary_fg_stdv": 206.6334991455078,
  "tsnr": 25.661492266575806
}