{
  "aor": 0.00048323439099283525,
  "aqi": 0.022751736847492324,
  "bids_meta": {
    "RepetitionTime": 1.75,
    "SliceTiming": [
      0.0,
      0.05555555555555555,
      0.1111111111111111,
      0.16666666666666666,
      0.2222222222222222,
      0.2777777777777778,
      0.3333333333333333,
      0.38888888888888884,
      0.4444444444444444,
      0.5,
      0.5555555555555556,
      0.611111111111111,
      0.6666666666666666,
      0.7222222222222222,
      0.7777777777777777,
      0.8333333333333333,
      0.8888888888888888,
      0.9444444444444444,
      1.0,
      1.0555555555555556,
      1.1111111111111112,
      1.1666666666666665,
      1.222222222222222,
      1.2777777777777777,
      1.3333333333333333,
      1.3888888888888888,
      1.4444444444444444,
      1.5,
      1.5555555555555554,
      1.611111111111111,
      1.6666666666666665,
      1.722222222222222,
      0.027777777777777776,
      0.08333333333333333,
      0.1388888888888889,
      0.19444444444444442,
      0.25,
      0.3055555555555555,
      0.3611111111111111,
      0.41666666666666663,
      0.4722222222222222,
      0.5277777777777778,
      0.5833333333333333,
      0.6388888888888888,
      0.6944444444444444,
      0.75,
      0.8055555555555555,
      0.861111111111111,
      0.9166666666666667,
      0.9722222222222223,
      1.027777777777778,
      1.0833333333333335,
      1.1388888888888888,
      1.1944444444444444,
      1.25,
      1.3055555555555556,
      1.3611111111111112,
      1.4166666666666667,
      1.4722222222222223,
      1.5277777777777777,
      1.5833333333333333,
      1.6388888888888888,
      1.6944444444444444
    ],
    "TaskName": "ARC",
    "dataset": "ds001814",
    "modality": "bold",
    "subject_id": "hc002",
    "task_id": "ARC"
  },
  "dummy_trs": 0,
  "dvars_nstd": 50.182440495850386,
  "dvars_std": 1.0130862823258193,
  "dvars_vstd": 0.9657550629405744,
  "efc": 0.5074767362370551,
  "fber": 670.1046142578125,
  "fd_mean": 0.16355788597968096,
  "fd_num": 162,
  "fd_perc": 16.581371545547594,
  "fwhm_avg": 3.206361347084787,
  "fwhm_x": 3.06654,
  "fwhm_y": 3.39644,
  "fwhm_z": 3.15610404125436,
  "gcor": 0.0125747,
  "gsr_x": -0.017161553725600243,
  "gsr_y": 0.11498135328292847,
  "provenance": {
    "md5sum": "b52f9f78af276e8f5daef0689b56e1a9",
    "settings": {
      "fd_thres": 0.2,
      "testing": false
    },
    "software": "mriqc",
    "version": "22.0.1",
    "webapi_port": null,
    "webapi_url": "https://mriqc.nimh.nih.gov/api/v1"
  },
  "size_t": 977,
  "size_x": 110,
  "size_y": 110,
  "size_z": 63,
  "snr": 2.237472152498763,
  "spacing_tr": 1.75,
  "spacing_x": 2.0,
  "spacing_y": 2.0,
  "spacing_z": 2.4000000953674316,
  "summary_bg_k": 44.73966756660092,
  "summary_bg_mad": 9.83191373589442,
  "summary_bg_mean": 57.39289474487305,
  "summary_bg_median": 22.960081100463867,
  "summary_bg_n": 534079.0,
  "summary_bg_p05": 15.054247856140137,
  "summary_bg_p95": 232.77307434082024,
  "summary_bg_stdv": 103.34037017822266,
  "summary_fg_k": 4.175808970759872,
  "summary_fg_mad": 191.8596674193647,
  "summary_fg_mean": 651.833740234375,
  "summary_fg_median": 592.1043701171875,
  "summary_fg_n": 132164.0,
  "summary_fg_p05": 351.5476837158203,
  "summary_fg_p95": 1179.6924072265622,
  "summary_fg_stdv": 264.62994384765625,
  "tsnr": 21.609775193501264
}