{
  "aor": 0.0005850665301944729,
  "aqi": 0.00923601724667349,
  "bids_meta": {
    "RepetitionTime": 1.75,
    "SliceTiming": [
      0.0,
      0.05555555555555555,
      0.1111111111111111,
      0.16666666666666666,
      0.2222222222222222,
      0.2777777777777778,
      0.3333333333333333,
      0.38888888888888884,
      0.4444444444444444,
      0.5,
      0.5555555555555556,
      0.611111111111111,
      0.6666666666666666,
      0.7222222222222222,
      0.7777777777777777,
      0.8333333333333333,
      0.8888888888888888,
      0.9444444444444444,
      1.0,
      1.0555555555555556,
      1.1111111111111112,
      1.1666666666666665,
      1.222222222222222,
      1.2777777777777777,
      1.3333333333333333,
      1.3888888888888888,
      1.4444444444444444,
      1.5,
      1.5555555555555554,
      1.611111111111111,
      1.6666666666666665,
      1.722222222222222,
      0.027777777777777776,
      0.08333333333333333,
      0.1388888888888889,
      0.19444444444444442,
      0.25,
      0.3055555555555555,
      0.3611111111111111,
      0.41666666666666663,
      0.4722222222222222,
      0.5277777777777778,
      0.5833333333333333,
      0.6388888888888888,
      0.6944444444444444,
      0.75,
      0.8055555555555555,
      0.861111111111111,
      0.9166666666666667,
      0.9722222222222223,
      1.027777777777778,
      1.0833333333333335,
      1.1388888888888888,
      1.1944444444444444,
      1.25,
      1.3055555555555556,
      1.3611111111111112,
      1.4166666666666667,
      1.4722222222222223,
      1.5277777777777777,
      1.5833333333333333,
      1.6388888888888888,
      1.6944444444444444
    ],
    "TaskName": "ARC",
    "dataset": "ds001814",
    "modality": "bold",
    "subject_id": "hc036",
    "task_id": "ARC"
  },
  "dummy_trs": 0,
  "dvars_nstd": 49.61599791240783,
  "dvars_std": 1.2177727347336067,
  "dvars_vstd": 0.9865366514856561,
  "efc": 0.4781066232984598,
  "fber": 895.639404296875,
  "fd_mean": 0.11473263605710417,
  "fd_num": 68,
  "fd_perc": 6.960081883316274,
  "fwhm_avg": 3.3170835686779587,
  "fwhm_x": 3.25284,
  "fwhm_y": 3.494815,
  "fwhm_z": 3.203595706033877,
  "gcor": 0.00995546,
  "gsr_x": 0.0048882183618843555,
  "gsr_y": 0.04266517236828804,
  "provenance": {
    "md5sum": "01cbd2a7f7c570c4170e3bfca030443c",
    "settings": {
      "fd_thres": 0.2,
      "testing": false
    },
    "software": "mriqc",
    "version": "22.0.1",
    "webapi_port": null,
    "webapi_url": "https://mriqc.nimh.nih.gov/api/v1"
  },
  "size_t": 977,
  "size_x": 110,
  "size_y": 110,
  "size_z": 63,
  "snr": 2.2308065418393332,
  "spacing_tr": 1.75,
  "spacing_x": 2.0,
  "spacing_y": 2.0,
  "spacing_z": 2.4000000953674316,
  "summary_bg_k": 76.39476198874914,
  "summary_bg_mad": 4.154928751636656,
  "summary_bg_mean": 24.490623474121094,
  "summary_bg_median": 12.83111572265625,
  "summary_bg_n": 531068.0,
  "summary_bg_p05": 9.246673583984375,
  "summary_bg_p95": 82.7577274322509,
  "summary_bg_stdv": 38.6456413269043,
  "summary_fg_k": 1.3546372598658118,
  "summary_fg_mad": 161.6370329437359,
  "summary_fg_mean": 420.08209228515625,
  "summary_fg_median": 386.356201171875,
  "summary_fg_n": 133303.0,
  "summary_fg_p05": 202.6177001953125,
  "summary_fg_p95": 746.7206542968748,
  "summary_fg_stdv": 173.19061279296875,
  "tsnr": 31.126201844774187
}