{
  "aor": 0.0008209109518935517,
  "aqi": 0.008496056908904811,
  "bids_meta": {
    "RepetitionTime": 1.75,
    "SliceTiming": [
      0.0,
      0.05555555555555555,
      0.1111111111111111,
      0.16666666666666666,
      0.2222222222222222,
      0.2777777777777778,
      0.3333333333333333,
      0.38888888888888884,
      0.4444444444444444,
      0.5,
      0.5555555555555556,
      0.611111111111111,
      0.6666666666666666,
      0.7222222222222222,
      0.7777777777777777,
      0.8333333333333333,
      0.8888888888888888,
      0.9444444444444444,
      1.0,
      1.0555555555555556,
      1.1111111111111112,
      1.1666666666666665,
      1.222222222222222,
      1.2777777777777777,
      1.3333333333333333,
      1.3888888888888888,
      1.4444444444444444,
      1.5,
      1.5555555555555554,
      1.611111111111111,
      1.6666666666666665,
      1.722222222222222,
      0.027777777777777776,
      0.08333333333333333,
      0.1388888888888889,
      0.19444444444444442,
      0.25,
      0.3055555555555555,
      0.3611111111111111,
      0.41666666666666663,
      0.4722222222222222,
      0.5277777777777778,
      0.5833333333333333,
      0.6388888888888888,
      0.6944444444444444,
      0.75,
      0.8055555555555555,
      0.861111111111111,
      0.9166666666666667,
      0.9722222222222223,
      1.027777777777778,
      1.0833333333333335,
      1.1388888888888888,
      1.1944444444444444,
      1.25,
      1.3055555555555556,
      1.3611111111111112,
      1.4166666666666667,
      1.4722222222222223,
      1.5277777777777777,
      1.5833333333333333,
      1.6388888888888888,
      1.6944444444444444
    ],
    "TaskName": "ARC",
    "dataset": "ds001814",
    "modality": "bold",
    "subject_id": "hc031",
    "task_id": "ARC"
  },
  "dummy_trs": 0,
  "dvars_nstd": 37.55675082128074,
  "dvars_std": 1.0345211290676226,
  "dvars_vstd": 0.9940099755737708,
  "efc": 0.4954683585572127,
  "fber": 808.2940063476562,
  "fd_mean": 0.11613685171367011,
  "fd_num": 103,
  "fd_perc": 10.542476970317297,
  "fwhm_avg": 3.3232339539481903,
  "fwhm_x": 3.17858,
  "fwhm_y": 3.51658,
  "fwhm_z": 3.2745418618445714,
  "gcor": 0.00657268,
  "gsr_x": 0.006015858147293329,
  "gsr_y": 0.06004290655255318,
  "provenance": {
    "md5sum": "4d05ec2f3a0b9654d5bcaca384196728",
    "settings": {
      "fd_thres": 0.2,
      "testing": false
    },
    "software": "mriqc",
    "version": "22.0.1",
    "webapi_port": null,
    "webapi_url": "https://mriqc.nimh.nih.gov/api/v1"
  },
  "size_t": 977,
  "size_x": 110,
  "size_y": 110,
  "size_z": 63,
  "snr": 2.1365550243551628,
  "spacing_tr": 1.75,
  "spacing_x": 2.0,
  "spacing_y": 2.0,
  "spacing_z": 2.3999998569488525,
  "summary_bg_k": 35.30826250733515,
  "summary_bg_mad": 5.634495284638173,
  "summary_bg_mean": 32.81437683105469,
  "summary_bg_median": 14.308085441589355,
  "summary_bg_n": 525823.0,
  "summary_bg_p05": 9.780961990356445,
  "summary_bg_p95": 133.9582397460931,
  "summary_bg_stdv": 54.561431884765625,
  "summary_fg_k": 0.6578923569906792,
  "summary_fg_mad": 184.0505778410946,
  "summary_fg_mean": 447.3478088378906,
  "summary_fg_median": 409.4739074707031,
  "summary_fg_n": 137645.0,
  "summary_fg_p05": 203.70419311523438,
  "summary_fg_p95": 810.122802734375,
  "summary_fg_stdv": 191.65077209472656,
  "tsnr": 31.329614732880145
}