{
  "aor": 0.0008200716479017401,
  "aqi": 0.014576167850562947,
  "bids_meta": {
    "RepetitionTime": 1.75,
    "SliceTiming": [
      0.0,
      0.05555555555555555,
      0.1111111111111111,
      0.16666666666666666,
      0.2222222222222222,
      0.2777777777777778,
      0.3333333333333333,
      0.38888888888888884,
      0.4444444444444444,
      0.5,
      0.5555555555555556,
      0.611111111111111,
      0.6666666666666666,
      0.7222222222222222,
      0.7777777777777777,
      0.8333333333333333,
      0.8888888888888888,
      0.9444444444444444,
      1.0,
      1.0555555555555556,
      1.1111111111111112,
      1.1666666666666665,
      1.222222222222222,
      1.2777777777777777,
      1.3333333333333333,
      1.3888888888888888,
      1.4444444444444444,
      1.5,
      1.5555555555555554,
      1.611111111111111,
      1.6666666666666665,
      1.722222222222222,
      0.027777777777777776,
      0.08333333333333333,
      0.1388888888888889,
      0.19444444444444442,
      0.25,
      0.3055555555555555,
      0.3611111111111111,
      0.41666666666666663,
      0.4722222222222222,
      0.5277777777777778,
      0.5833333333333333,
      0.6388888888888888,
      0.6944444444444444,
      0.75,
      0.8055555555555555,
      0.861111111111111,
      0.9166666666666667,
      0.9722222222222223,
      1.027777777777778,
      1.0833333333333335,
      1.1388888888888888,
      1.1944444444444444,
      1.25,
      1.3055555555555556,
      1.3611111111111112,
      1.4166666666666667,
      1.4722222222222223,
      1.5277777777777777,
      1.5833333333333333,
      1.6388888888888888,
      1.6944444444444444
    ],
    "TaskName": "ARC",
    "dataset": "ds001814",
    "modality": "bold",
    "subject_id": "hc022",
    "task_id": "ARC"
  },
  "dummy_trs": 0,
  "dvars_nstd": 48.66995347137289,
  "dvars_std": 1.074909597715164,
  "dvars_vstd": 0.9734850101639354,
  "efc": 0.4993110377631159,
  "fber": 717.1560668945312,
  "fd_mean": 0.10244249448719572,
  "fd_num": 53,
  "fd_perc": 5.424769703172979,
  "fwhm_avg": 3.1602207918331047,
  "fwhm_x": 3.082135,
  "fwhm_y": 3.265365,
  "fwhm_z": 3.133162375499313,
  "gcor": 0.012464,
  "gsr_x": -0.019497107714414597,
  "gsr_y": 0.08599942922592163,
  "provenance": {
    "md5sum": "28c2f7fcac57aefe4f0ea0a88e3f1efc",
    "settings": {
      "fd_thres": 0.2,
      "testing": false
    },
    "software": "mriqc",
    "version": "22.0.1",
    "webapi_port": null,
    "webapi_url": "https://mriqc.nimh.nih.gov/api/v1"
  },
  "size_t": 977,
  "size_x": 110,
  "size_y": 110,
  "size_z": 63,
  "snr": 2.126576038227161,
  "spacing_tr": 1.75,
  "spacing_x": 2.0,
  "spacing_y": 2.0,
  "spacing_z": 2.4000000953674316,
  "summary_bg_k": 67.96373395963883,
  "summary_bg_mad": 7.63153237555379,
  "summary_bg_mean": 46.65235900878906,
  "summary_bg_median": 20.340839385986328,
  "summary_bg_n": 529235.0,
  "summary_bg_p05": 14.2753324508667,
  "summary_bg_p95": 174.211050415039,
  "summary_bg_stdv": 84.39207458496094,
  "summary_fg_k": 4.6392334709517495,
  "summary_fg_mad": 186.5423114860052,
  "summary_fg_mean": 609.48876953125,
  "summary_fg_median": 548.080322265625,
  "summary_fg_n": 136336.0,
  "summary_fg_p05": 321.66580963134766,
  "summary_fg_p95": 1113.3162231445312,
  "summary_fg_stdv": 257.7280578613281,
  "tsnr": 26.395222269464284
}