{
  "aor": 0.0003851586489252815,
  "aqi": 0.009170935609007164,
  "bids_meta": {
    "RepetitionTime": 1.75,
    "SliceTiming": [
      0.0,
      0.05555555555555555,
      0.1111111111111111,
      0.16666666666666666,
      0.2222222222222222,
      0.2777777777777778,
      0.3333333333333333,
      0.38888888888888884,
      0.4444444444444444,
      0.5,
      0.5555555555555556,
      0.611111111111111,
      0.6666666666666666,
      0.7222222222222222,
      0.7777777777777777,
      0.8333333333333333,
      0.8888888888888888,
      0.9444444444444444,
      1.0,
      1.0555555555555556,
      1.1111111111111112,
      1.1666666666666665,
      1.222222222222222,
      1.2777777777777777,
      1.3333333333333333,
      1.3888888888888888,
      1.4444444444444444,
      1.5,
      1.5555555555555554,
      1.611111111111111,
      1.6666666666666665,
      1.722222222222222,
      0.027777777777777776,
      0.08333333333333333,
      0.1388888888888889,
      0.19444444444444442,
      0.25,
      0.3055555555555555,
      0.3611111111111111,
      0.41666666666666663,
      0.4722222222222222,
      0.5277777777777778,
      0.5833333333333333,
      0.6388888888888888,
      0.6944444444444444,
      0.75,
      0.8055555555555555,
      0.861111111111111,
      0.9166666666666667,
      0.9722222222222223,
      1.027777777777778,
      1.0833333333333335,
      1.1388888888888888,
      1.1944444444444444,
      1.25,
      1.3055555555555556,
      1.3611111111111112,
      1.4166666666666667,
      1.4722222222222223,
      1.5277777777777777,
      1.5833333333333333,
      1.6388888888888888,
      1.6944444444444444
    ],
    "TaskName": "ARC",
    "dataset": "ds001814",
    "modality": "bold",
    "subject_id": "hc033",
    "task_id": "ARC"
  },
  "dummy_trs": 0,
  "dvars_nstd": 43.66762863216189,
  "dvars_std": 1.0916134693442618,
  "dvars_vstd": 0.9729828716188503,
  "efc": 0.4982533647044437,
  "fber": 789.058349609375,
  "fd_mean": 0.12108855313416493,
  "fd_num": 102,
  "fd_perc": 10.440122824974411,
  "fwhm_avg": 3.307839123051466,
  "fwhm_x": 3.065375,
  "fwhm_y": 3.565305,
  "fwhm_z": 3.2928373691543986,
  "gcor": 0.015502,
  "gsr_x": -0.009511486627161503,
  "gsr_y": 0.05520172417163849,
  "provenance": {
    "md5sum": "7d87e52ede44aa750d413558084c01fa",
    "settings": {
      "fd_thres": 0.2,
      "testing": false
    },
    "software": "mriqc",
    "version": "22.0.1",
    "webapi_port": null,
    "webapi_url": "https://mriqc.nimh.nih.gov/api/v1"
  },
  "size_t": 977,
  "size_x": 110,
  "size_y": 110,
  "size_z": 63,
  "snr": 2.1535901371017525,
  "spacing_tr": 1.75,
  "spacing_x": 2.0,
  "spacing_y": 2.0,
  "spacing_z": 2.4000000953674316,
  "summary_bg_k": 22.289711032471118,
  "summary_bg_mad": 5.433426718901481,
  "summary_bg_mean": 34.5943603515625,
  "summary_bg_median": 14.79682731628418,
  "summary_bg_n": 526550.0,
  "summary_bg_p05": 10.422722816467285,
  "summary_bg_p95": 154.4928871154785,
  "summary_bg_stdv": 57.789337158203125,
  "summary_fg_k": 0.06292982420273541,
  "summary_fg_mad": 196.68457210314492,
  "summary_fg_mean": 455.1820983886719,
  "summary_fg_median": 420.7742919921875,
  "summary_fg_n": 137000.0,
  "summary_fg_p05": 201.54298934936526,
  "summary_fg_p95": 815.7895843505859,
  "summary_fg_stdv": 195.3820037841797,
  "tsnr": 31.678745804470964
}