{
  "aor": 0.0004669293756397134,
  "aqi": 0.015387740214943706,
  "bids_meta": {
    "RepetitionTime": 1.75,
    "SliceTiming": [
      0.0,
      0.05555555555555555,
      0.1111111111111111,
      0.16666666666666666,
      0.2222222222222222,
      0.2777777777777778,
      0.3333333333333333,
      0.38888888888888884,
      0.4444444444444444,
      0.5,
      0.5555555555555556,
      0.611111111111111,
      0.6666666666666666,
      0.7222222222222222,
      0.7777777777777777,
      0.8333333333333333,
      0.8888888888888888,
      0.9444444444444444,
      1.0,
      1.0555555555555556,
      1.1111111111111112,
      1.1666666666666665,
      1.222222222222222,
      1.2777777777777777,
      1.3333333333333333,
      1.3888888888888888,
      1.4444444444444444,
      1.5,
      1.5555555555555554,
      1.611111111111111,
      1.6666666666666665,
      1.722222222222222,
      0.027777777777777776,
      0.08333333333333333,
      0.1388888888888889,
      0.19444444444444442,
      0.25,
      0.3055555555555555,
      0.3611111111111111,
      0.41666666666666663,
      0.4722222222222222,
      0.5277777777777778,
      0.5833333333333333,
      0.6388888888888888,
      0.6944444444444444,
      0.75,
      0.8055555555555555,
      0.861111111111111,
      0.9166666666666667,
      0.9722222222222223,
      1.027777777777778,
      1.0833333333333335,
      1.1388888888888888,
      1.1944444444444444,
      1.25,
      1.3055555555555556,
      1.3611111111111112,
      1.4166666666666667,
      1.4722222222222223,
      1.5277777777777777,
      1.5833333333333333,
      1.6388888888888888,
      1.6944444444444444
    ],
    "TaskName": "ARC",
    "dataset": "ds001814",
    "modality": "bold",
    "subject_id": "hc026",
    "task_id": "ARC"
  },
  "dummy_trs": 0,
  "dvars_nstd": 39.861679987899585,
  "dvars_std": 1.0164623453893442,
  "dvars_vstd": 0.972675250163935,
  "efc": 0.469595400399185,
  "fber": 1083.9107666015625,
  "fd_mean": 0.1211615416688635,
  "fd_num": 101,
  "fd_perc": 10.337768679631525,
  "fwhm_avg": 2.955279128313563,
  "fwhm_x": 2.94547,
  "fwhm_y": 3.024805,
  "fwhm_z": 2.895562384940688,
  "gcor": 0.0123178,
  "gsr_x": -0.011890625581145287,
  "gsr_y": 0.04118945822119713,
  "provenance": {
    "md5sum": "41b10e2d7c8dd6f3301fc2b1a72c6558",
    "settings": {
      "fd_thres": 0.2,
      "testing": false
    },
    "software": "mriqc",
    "version": "22.0.1",
    "webapi_port": null,
    "webapi_url": "https://mriqc.nimh.nih.gov/api/v1"
  },
  "size_t": 977,
  "size_x": 110,
  "size_y": 110,
  "size_z": 63,
  "snr": 2.9037758604339343,
  "spacing_tr": 1.75,
  "spacing_x": 2.0,
  "spacing_y": 2.0,
  "spacing_z": 2.4000000953674316,
  "summary_bg_k": 124.14441351813537,
  "summary_bg_mad": 4.121541866770349,
  "summary_bg_mean": 30.04098129272461,
  "summary_bg_median": 16.258955001831055,
  "summary_bg_n": 549479.0,
  "summary_bg_p05": 12.839303970336914,
  "summary_bg_p95": 87.9908866882324,
  "summary_bg_stdv": 51.63399887084961,
  "summary_fg_k": 2.489356616826611,
  "summary_fg_mad": 154.49411443981168,
  "summary_fg_mean": 569.9530029296875,
  "summary_fg_median": 536.9590454101562,
  "summary_fg_n": 121378.0,
  "summary_fg_p05": 328.81145629882815,
  "summary_fg_p95": 916.6761505126952,
  "summary_fg_stdv": 184.91676330566406,
  "tsnr": 26.851079704414587
}