{
  "aor": 0.0013357727737973387,
  "aqi": 0.019606261003070623,
  "bids_meta": {
    "RepetitionTime": 1.75,
    "SliceTiming": [
      0.0,
      0.05555555555555555,
      0.1111111111111111,
      0.16666666666666666,
      0.2222222222222222,
      0.2777777777777778,
      0.3333333333333333,
      0.38888888888888884,
      0.4444444444444444,
      0.5,
      0.5555555555555556,
      0.611111111111111,
      0.6666666666666666,
      0.7222222222222222,
      0.7777777777777777,
      0.8333333333333333,
      0.8888888888888888,
      0.9444444444444444,
      1.0,
      1.0555555555555556,
      1.1111111111111112,
      1.1666666666666665,
      1.222222222222222,
      1.2777777777777777,
      1.3333333333333333,
      1.3888888888888888,
      1.4444444444444444,
      1.5,
      1.5555555555555554,
      1.611111111111111,
      1.6666666666666665,
      1.722222222222222,
      0.027777777777777776,
      0.08333333333333333,
      0.1388888888888889,
      0.19444444444444442,
      0.25,
      0.3055555555555555,
      0.3611111111111111,
      0.41666666666666663,
      0.4722222222222222,
      0.5277777777777778,
      0.5833333333333333,
      0.6388888888888888,
      0.6944444444444444,
      0.75,
      0.8055555555555555,
      0.861111111111111,
      0.9166666666666667,
      0.9722222222222223,
      1.027777777777778,
      1.0833333333333335,
      1.1388888888888888,
      1.1944444444444444,
      1.25,
      1.3055555555555556,
      1.3611111111111112,
      1.4166666666666667,
      1.4722222222222223,
      1.5277777777777777,
      1.5833333333333333,
      1.6388888888888888,
      1.6944444444444444
    ],
    "TaskName": "ARC",
    "dataset": "ds001814",
    "modality": "bold",
    "subject_id": "hc004",
    "task_id": "ARC"
  },
  "dummy_trs": 0,
  "dvars_nstd": 51.655024364323765,
  "dvars_std": 1.0647502268545093,
  "dvars_vstd": 1.006274335286885,
  "efc": 0.5145538758647803,
  "fber": 557.5342407226562,
  "fd_mean": 0.1670870237103598,
  "fd_num": 259,
  "fd_perc": 26.509723643807575,
  "fwhm_avg": 3.3578141204215775,
  "fwhm_x": 3.17373,
  "fwhm_y": 3.408325,
  "fwhm_z": 3.491387361264731,
  "gcor": 0.0090077,
  "gsr_x": -0.006685389671474695,
  "gsr_y": 0.10363011807203293,
  "provenance": {
    "md5sum": "e5760cf59a050b26a63a234d35241d60",
    "settings": {
      "fd_thres": 0.2,
      "testing": false
    },
    "software": "mriqc",
    "version": "22.0.1",
    "webapi_port": null,
    "webapi_url": "https://mriqc.nimh.nih.gov/api/v1"
  },
  "size_t": 977,
  "size_x": 110,
  "size_y": 110,
  "size_z": 63,
  "snr": 2.016746603379413,
  "spacing_tr": 1.75,
  "spacing_x": 2.0,
  "spacing_y": 2.0,
  "spacing_z": 2.4000000953674316,
  "summary_bg_k": 29.79186526005865,
  "summary_bg_mad": 11.63015655084201,
  "summary_bg_mean": 58.137935638427734,
  "summary_bg_median": 24.38280487060547,
  "summary_bg_n": 523508.0,
  "summary_bg_p05": 15.199590682983398,
  "summary_bg_p95": 227.85991973876915,
  "summary_bg_stdv": 95.14686584472656,
  "summary_fg_k": 5.885154777664017,
  "summary_fg_mad": 194.00615581805016,
  "summary_fg_mean": 643.3091430664062,
  "summary_fg_median": 575.1084594726562,
  "summary_fg_n": 141274.0,
  "summary_fg_p05": 330.91571350097655,
  "summary_fg_p95": 1199.6614196777348,
  "summary_fg_stdv": 285.1654357910156,
  "tsnr": 22.874568289378658
}